City_ID,City,Country,Date,Lat,Lng,Max Temp,Current Description,Humidity,Clouds,Wind Speed,Rain (last 3h),Snow (last 3h)
0,Puerto Ayora,EC,2020-04-19 20:27:48,-0.74,-90.35,86.0,shower rain,70,40,16.11,0.0,0.0
1,Butaritari,KI,2020-04-19 20:25:37,3.07,172.79,83.1,light rain,76,28,10.04,0.37,0.0
2,Hobart,AU,2020-04-19 20:25:37,-42.88,147.33,51.8,light intensity shower rain,81,75,13.27,0.0,0.0
3,Longyearbyen,SJ,2020-04-19 20:24:41,78.22,15.64,33.8,light intensity drizzle,69,75,38.03,0.0,0.0
4,Honningsvag,NO,2020-04-19 20:30:01,70.98,25.97,39.2,light intensity drizzle,86,75,20.8,0.0,0.0
5,Esperance,AU,2020-04-19 20:28:38,-33.87,121.9,50.0,clear sky,93,0,6.93,0.0,0.0
6,Busselton,AU,2020-04-19 20:23:44,-33.65,115.33,55.0,broken clouds,61,79,17.05,0.0,0.0
7,Liverpool,GB,2020-04-19 20:30:02,53.41,-2.98,52.0,clear sky,56,0,12.75,0.0,0.0
8,Saint-Augustin,CA,2020-04-19 20:25:11,51.23,-58.65,31.35,overcast clouds,93,100,14.54,0.0,0.0
9,Lebu,CL,2020-04-19 20:26:26,-37.62,-73.65,58.77,overcast clouds,67,100,10.25,0.0,0.0
10,Punta Arenas,CL,2020-04-19 20:27:45,-53.15,-70.92,44.6,scattered clouds,65,40,31.09,0.0,0.0
11,Bac Lieu,VN,2020-04-19 20:30:03,9.29,105.72,80.47,clear sky,76,0,6.31,0.0,0.0
12,Bluff,NZ,2020-04-19 20:25:57,-46.6,168.33,44.01,light rain,81,85,5.99,0.13,0.0
13,Cape Town,ZA,2020-04-19 20:26:03,-33.93,18.42,64.0,broken clouds,82,75,19.46,0.0,0.0
14,Novogornyy,RU,2020-04-19 20:30:03,55.63,60.79,35.6,smoke,64,20,4.47,0.0,0.0
15,Mataura,NZ,2020-04-19 20:27:51,-46.19,168.86,44.01,overcast clouds,81,95,5.99,0.0,0.0
16,Hami,CN,2020-04-19 20:29:13,42.8,93.45,59.0,overcast clouds,20,96,11.21,0.0,0.0
17,Sasina,BA,2020-04-19 20:30:04,44.8,16.74,62.6,light rain,67,100,4.7,0.94,0.0
18,Gilbues,BR,2020-04-19 20:29:01,-9.83,-45.34,77.22,light rain,71,18,5.61,0.11,0.0
19,Faanui,PF,2020-04-19 20:28:26,-16.48,-151.75,83.21,light rain,74,67,14.52,1.35,0.0
20,Komsomolskiy,UZ,2020-04-19 20:26:48,40.43,71.72,57.2,clear sky,50,0,4.7,0.0,0.0
21,Portel,BR,2020-04-19 20:30:05,-1.94,-50.82,79.18,moderate rain,94,98,2.44,4.42,0.0
22,Lorengau,PG,2020-04-19 20:27:54,-2.02,147.27,82.54,light rain,78,40,6.29,0.28,0.0
23,Araouane,ML,2020-04-19 20:30:05,18.9,-3.53,87.8,clear sky,29,0,10.87,0.0,0.0
24,Bredasdorp,ZA,2020-04-19 20:28:18,-34.53,20.04,60.8,clear sky,87,9,5.82,0.0,0.0
25,Mahanoro,MG,2020-04-19 20:30:06,-19.9,48.8,74.66,light rain,83,6,7.74,0.46,0.0
26,Jamestown,US,2020-04-19 20:25:56,42.1,-79.24,48.99,overcast clouds,61,90,16.11,0.0,0.0
27,Rochester,US,2020-04-19 20:28:02,43.15,-77.62,48.99,light rain,75,90,19.46,0.0,0.0
28,Batagay,RU,2020-04-19 20:29:07,67.63,134.63,6.31,overcast clouds,87,89,3.58,0.0,0.0
29,Ushuaia,AR,2020-04-19 20:26:34,-54.8,-68.3,42.8,heavy intensity drizzle,81,75,27.51,0.0,0.0
30,Roma,US,2020-04-19 20:29:04,43.21,-75.46,46.4,light rain,81,90,11.41,0.0,0.0
31,Rehoboth,NA,2020-04-19 20:30:07,-23.32,17.08,72.01,scattered clouds,33,36,9.89,0.0,0.0
32,Severo-Kurilsk,RU,2020-04-19 20:28:53,50.68,156.12,29.23,broken clouds,91,83,11.56,0.0,0.0
33,Marawi,PH,2020-04-19 20:28:40,8.0,124.29,69.01,scattered clouds,75,40,2.21,0.0,0.0
34,Kodiak,US,2020-04-19 20:27:51,57.79,-152.41,44.6,broken clouds,81,75,8.05,0.0,0.0
35,Port Alfred,ZA,2020-04-19 20:23:49,-33.59,26.89,79.66,scattered clouds,45,26,12.66,0.0,0.0
36,Ballina,AU,2020-04-19 20:25:21,-28.87,153.57,59.0,scattered clouds,93,40,4.7,0.0,0.0
37,Bambous Virieux,MU,2020-04-19 20:25:34,-20.34,57.76,77.0,shower rain,88,75,6.93,0.0,0.0
38,Union,US,2020-04-19 20:30:09,40.63,-74.27,62.6,clear sky,31,1,13.87,0.0,0.0
39,Tuktoyaktuk,CA,2020-04-19 20:28:09,69.45,-133.04,8.6,light snow,84,90,11.41,0.0,0.0
40,Gizo,SB,2020-04-19 20:30:09,-8.1,156.84,82.08,moderate rain,76,95,3.85,3.12,0.0
41,Albany,US,2020-04-19 20:27:08,42.6,-73.97,64.0,broken clouds,28,81,9.28,0.0,0.0
42,Hithadhoo,MV,2020-04-19 20:26:38,-0.6,73.08,84.72,overcast clouds,76,88,10.49,0.0,0.0
43,Meridian,US,2020-04-19 20:30:10,43.61,-116.39,66.0,clear sky,33,1,12.75,0.0,0.0
44,Male,MV,2020-04-19 20:30:10,4.17,73.51,85.5,light rain,74,72,9.42,1.57,0.0
45,Bafata,GW,2020-04-19 20:30:10,12.17,-14.75,83.71,broken clouds,40,58,8.88,0.0,0.0
46,Taltal,CL,2020-04-19 20:30:11,-25.4,-70.48,68.9,clear sky,61,0,4.23,0.0,0.0
47,Takapau,NZ,2020-04-19 20:30:11,-40.03,176.35,57.99,overcast clouds,87,94,11.01,0.0,0.0
48,Dikson,RU,2020-04-19 20:28:50,73.51,80.55,34.93,overcast clouds,89,95,29.04,0.0,0.0
49,Rikitea,PF,2020-04-19 20:27:49,-23.12,-134.97,76.87,overcast clouds,68,100,6.96,0.0,0.0
50,Kalawit,PH,2020-04-19 20:30:12,8.07,122.52,78.53,light rain,86,32,3.85,0.37,0.0
51,Hutang,CN,2020-04-19 20:30:12,31.53,119.48,51.8,mist,100,100,2.24,0.0,0.0
52,Puerto Carreno,CO,2020-04-19 20:29:07,6.19,-67.49,80.6,broken clouds,78,75,9.17,0.0,0.0
53,Kulu,TR,2020-04-19 20:30:12,39.1,33.08,57.81,overcast clouds,34,94,1.3,0.0,0.0
54,Betanzos,ES,2020-04-19 20:30:13,43.28,-8.21,57.99,few clouds,93,20,2.24,0.0,0.0
55,Iqaluit,CA,2020-04-19 20:25:48,63.75,-68.51,5.0,few clouds,65,20,4.7,0.0,0.0
56,Cidreira,BR,2020-04-19 20:27:42,-30.18,-50.21,68.86,clear sky,79,0,13.82,0.0,0.0
57,Vaini,TO,2020-04-19 20:24:14,-21.2,-175.2,80.6,few clouds,78,20,8.05,0.0,0.0
58,Zhoucheng,CN,2020-04-19 20:30:14,35.91,116.31,53.56,overcast clouds,38,94,16.17,0.0,0.0
59,Turukhansk,RU,2020-04-19 20:30:14,65.82,87.98,37.98,overcast clouds,75,100,17.09,0.0,0.0
60,Pevek,RU,2020-04-19 20:23:39,69.7,170.31,6.69,light snow,94,100,5.68,0.0,0.17
61,Saint Anthony,US,2020-04-19 20:30:14,45.02,-93.22,50.0,clear sky,24,1,12.75,0.0,0.0
62,Hermanus,ZA,2020-04-19 20:27:39,-34.42,19.23,59.0,broken clouds,95,73,12.01,0.0,0.0
63,Arraial Do Cabo,BR,2020-04-19 20:24:27,-22.97,-42.03,77.0,scattered clouds,69,40,8.05,0.0,0.0
64,Sochi,RU,2020-04-19 20:28:37,43.6,39.73,52.0,few clouds,81,13,4.47,0.0,0.0
65,Upernavik,GL,2020-04-19 20:28:49,72.79,-56.15,23.95,overcast clouds,88,100,18.52,0.0,0.0
66,Isangel,VU,2020-04-19 20:27:54,-19.55,169.27,80.6,overcast clouds,83,90,6.93,0.0,0.0
67,Cherskiy,RU,2020-04-19 20:26:20,68.75,161.3,4.64,light snow,93,100,6.87,0.0,0.13
68,Opuwo,NA,2020-04-19 20:30:16,-18.06,13.84,69.94,light rain,52,40,9.66,2.31,0.0
69,Chuy,UY,2020-04-19 20:27:59,-33.7,-53.46,67.73,clear sky,78,4,8.21,0.0,0.0
70,Kloulklubed,PW,2020-04-19 20:30:17,7.04,134.26,78.8,broken clouds,88,75,6.93,0.0,0.0
71,Peleduy,RU,2020-04-19 20:30:17,59.63,112.74,13.12,broken clouds,92,52,1.9,0.0,0.0
72,Wasilla,US,2020-04-19 20:29:16,61.58,-149.44,50.0,broken clouds,81,75,4.7,0.0,0.0
73,Mount Isa,AU,2020-04-19 20:30:17,-20.73,139.5,59.0,broken clouds,51,68,8.23,0.0,0.0
74,Hilo,US,2020-04-19 20:27:54,19.73,-155.09,78.8,clear sky,57,1,11.41,0.0,0.0
75,Agadez,NE,2020-04-19 20:28:33,19.75,10.25,87.55,broken clouds,10,62,8.68,0.0,0.0
76,Vauvert,FR,2020-04-19 20:30:18,43.7,4.28,59.0,overcast clouds,93,90,4.54,0.0,0.0
77,Viseu,PT,2020-04-19 20:30:18,40.66,-7.91,53.01,clear sky,1,9,5.01,0.0,0.0
78,Malindi,KE,2020-04-19 20:30:18,-3.22,40.12,78.6,light rain,83,100,12.19,0.16,0.0
79,Auki,SB,2020-04-19 20:30:19,-8.77,160.7,82.17,broken clouds,76,71,2.21,0.0,0.0
80,Raga,SS,2020-04-19 20:30:19,8.46,25.68,78.49,broken clouds,14,55,3.67,0.0,0.0
81,Rawah,IQ,2020-04-19 20:30:19,34.48,41.91,77.02,broken clouds,28,74,2.84,0.0,0.0
82,Chiredzi,ZW,2020-04-19 20:30:20,-21.05,31.67,65.84,few clouds,58,11,5.03,0.0,0.0
83,Nampula,MZ,2020-04-19 20:30:20,-15.12,39.27,71.6,scattered clouds,88,40,8.05,0.0,0.0
84,Atuona,PF,2020-04-19 20:27:43,-9.8,-139.03,82.96,scattered clouds,74,48,16.98,0.0,0.0
85,Pisco,PE,2020-04-19 20:30:21,-13.7,-76.22,77.0,clear sky,61,0,13.87,0.0,0.0
86,Karratha,AU,2020-04-19 20:24:23,-20.74,116.85,82.22,overcast clouds,60,100,4.61,0.0,0.0
87,Champerico,GT,2020-04-19 20:29:11,14.3,-91.92,87.49,few clouds,55,13,8.63,0.0,0.0
88,Crib Point,AU,2020-04-19 20:30:22,-38.35,145.2,55.99,light rain,82,100,29.71,0.0,0.0
89,Bethel,US,2020-04-19 20:27:47,41.37,-73.41,62.01,clear sky,47,1,20.8,0.0,0.0
90,Belyy Yar,RU,2020-04-19 20:28:10,53.6,91.39,41.0,clear sky,44,0,8.95,0.0,0.0
91,Caranavi,BO,2020-04-19 20:30:22,-15.82,-67.55,78.08,scattered clouds,37,43,3.0,0.0,0.0
92,Luzhou,CN,2020-04-19 20:30:22,28.87,105.44,64.72,light rain,79,100,6.91,1.77,0.0
93,Zvishavane,ZW,2020-04-19 20:30:23,-20.33,30.07,60.78,few clouds,55,14,4.41,0.0,0.0
94,Muli,MV,2020-04-19 20:30:23,2.92,73.57,85.41,few clouds,73,14,9.64,0.0,0.0
95,Avarua,CK,2020-04-19 20:27:35,-21.21,-159.78,82.4,light rain,69,2,8.05,0.14,0.0
96,Mar Del Plata,AR,2020-04-19 20:28:38,-38.0,-57.56,75.2,few clouds,60,19,11.41,0.0,0.0
97,Udachnyy,RU,2020-04-19 20:30:23,66.42,112.4,17.6,clear sky,48,7,4.47,0.0,0.0
98,Kieta,PG,2020-04-19 20:28:28,-6.22,155.63,80.98,light rain,77,98,5.39,0.45,0.0
99,Shagonar,RU,2020-04-19 20:30:24,51.53,92.8,40.17,clear sky,48,0,2.04,0.0,0.0
100,Lokosovo,RU,2020-04-19 20:30:24,61.13,74.82,38.91,scattered clouds,87,45,3.53,0.0,0.0
101,Luderitz,NA,2020-04-19 20:28:46,-26.65,15.16,62.6,clear sky,82,0,8.05,0.0,0.0
102,Ahipara,NZ,2020-04-19 20:30:25,-35.17,173.17,61.61,light rain,88,100,6.44,2.69,0.0
103,Apatou,GF,2020-04-19 20:30:25,5.16,-54.35,78.26,light rain,90,100,3.53,2.67,0.0
104,Souillac,MU,2020-04-19 20:25:23,-20.52,57.52,77.0,shower rain,88,75,6.93,0.0,0.0
105,Mahebourg,MU,2020-04-19 20:28:17,-20.41,57.7,77.0,shower rain,88,75,6.93,0.0,0.0
106,Tambura,SS,2020-04-19 20:30:26,5.6,27.47,69.94,overcast clouds,70,100,7.36,0.0,0.0
107,Ponta Do Sol,PT,2020-04-19 20:28:01,32.67,-17.1,60.01,scattered clouds,56,26,10.0,0.0,0.0
108,Saint-Philippe,RE,2020-04-19 20:28:19,-21.36,55.77,77.0,scattered clouds,73,40,14.99,0.0,0.0
109,Nemuro,JP,2020-04-19 20:30:27,43.32,145.57,37.98,overcast clouds,81,91,11.14,0.0,0.0
110,Saskylakh,RU,2020-04-19 20:24:48,71.92,114.08,12.06,clear sky,94,0,3.33,0.0,0.0
111,Keflavik,IS,2020-04-19 20:26:34,64.0,-22.56,46.4,light intensity drizzle,93,90,29.97,0.0,0.0
112,Masterton,NZ,2020-04-19 20:30:27,-40.96,175.66,59.0,few clouds,69,20,1.99,0.0,0.0
113,Ziarat,PK,2020-04-19 20:30:28,30.38,67.73,48.45,scattered clouds,31,25,2.48,0.0,0.0
114,Salisbury,GB,2020-04-19 20:26:17,51.07,-1.8,55.4,clear sky,54,6,5.82,0.0,0.0
115,Lompoc,US,2020-04-19 20:27:42,34.64,-120.46,62.6,overcast clouds,59,90,12.75,0.0,0.0
116,Namibe,AO,2020-04-19 20:30:28,-15.2,12.15,75.06,light rain,63,5,7.07,0.22,0.0
117,Norman Wells,CA,2020-04-19 20:28:42,65.28,-126.83,28.4,overcast clouds,63,90,10.29,0.0,0.0
118,Barrow,US,2020-04-19 20:27:41,71.29,-156.79,12.2,light snow,85,90,3.36,0.0,0.0
119,Kruisfontein,ZA,2020-04-19 20:29:12,-34.0,24.73,67.55,scattered clouds,50,40,8.79,0.0,0.0
120,Porto Novo,BJ,2020-04-19 20:30:29,6.5,2.6,82.4,scattered clouds,78,40,9.17,0.0,0.0
121,General Elizardo Aquino,PY,2020-04-19 20:30:29,-24.43,-56.7,79.99,clear sky,42,0,4.09,0.0,0.0
122,Campoverde,PE,2020-04-19 20:30:30,-8.48,-74.81,87.8,few clouds,45,20,8.05,0.0,0.0
123,Mossendjo,CG,2020-04-19 20:30:30,-2.95,12.73,71.67,light rain,86,87,1.95,0.77,0.0
124,Castro,BR,2020-04-19 20:27:54,-24.79,-50.01,62.6,scattered clouds,56,33,3.02,0.0,0.0
125,Kaitangata,NZ,2020-04-19 20:25:24,-46.28,169.85,54.0,overcast clouds,50,85,8.01,0.0,0.0
126,Namatanai,PG,2020-04-19 20:28:31,-3.67,152.43,82.09,broken clouds,77,76,5.86,0.0,0.0
127,Teya,RU,2020-04-19 20:30:31,60.38,92.63,28.13,broken clouds,90,74,3.83,0.0,0.0
128,Oussouye,SN,2020-04-19 20:30:31,12.48,-16.55,82.4,scattered clouds,61,49,6.93,0.0,0.0
129,Curillo,CO,2020-04-19 20:30:31,1.03,-75.92,87.73,scattered clouds,46,44,5.1,0.0,0.0
130,Port Elizabeth,ZA,2020-04-19 20:24:11,-33.92,25.57,68.0,broken clouds,82,59,2.24,0.0,0.0
131,Saldanha,ZA,2020-04-19 20:28:33,-33.01,17.94,60.8,clear sky,82,4,12.75,0.0,0.0
132,Nikolskoye,RU,2020-04-19 20:26:27,59.7,30.79,41.0,light rain,65,75,6.71,0.0,0.0
133,Yellowknife,CA,2020-04-19 20:23:41,62.46,-114.35,26.6,broken clouds,63,75,18.34,0.0,0.0
134,Hambantota,LK,2020-04-19 20:28:45,6.12,81.12,81.55,overcast clouds,83,94,8.55,0.0,0.0
135,Kamenka,RU,2020-04-19 20:30:32,51.32,42.77,34.0,scattered clouds,80,46,5.68,0.0,0.0
136,Rottingdean,GB,2020-04-19 20:30:32,50.81,-0.06,48.99,clear sky,79,0,3.0,0.0,0.0
137,Loviisa,FI,2020-04-19 20:30:33,60.46,26.23,39.2,overcast clouds,64,90,3.36,0.0,0.0
138,Marsh Harbour,BS,2020-04-19 20:30:33,26.54,-77.06,82.2,broken clouds,72,74,12.28,0.0,0.0
139,Kazachinskoye,RU,2020-04-19 20:30:33,57.7,93.28,32.68,clear sky,79,2,9.35,0.0,0.0
140,Qaanaaq,GL,2020-04-19 20:27:48,77.48,-69.36,19.06,broken clouds,85,76,9.19,0.0,0.0
141,Lyaskelya,RU,2020-04-19 20:30:34,61.77,31.02,35.06,overcast clouds,87,90,5.48,0.0,0.0
142,Providencia,MX,2020-04-19 20:30:34,28.72,-111.58,84.99,broken clouds,30,52,11.01,0.0,0.0
143,Cayenne,GF,2020-04-19 20:25:28,4.93,-52.33,82.4,scattered clouds,78,40,8.05,0.0,0.0
144,Vostok,RU,2020-04-19 20:30:35,46.49,135.88,34.68,overcast clouds,64,100,4.03,0.0,0.0
145,Clyde River,CA,2020-04-19 20:28:07,70.47,-68.59,6.8,light snow,65,1,17.22,0.0,0.0
146,Haines Junction,CA,2020-04-19 20:30:35,60.75,-137.51,47.73,overcast clouds,46,97,7.52,0.0,0.0
147,Ilulissat,GL,2020-04-19 20:28:07,69.22,-51.1,28.4,overcast clouds,58,100,21.92,0.0,0.0
148,Vardo,NO,2020-04-19 20:29:14,70.37,31.11,37.4,light intensity drizzle,86,75,23.04,0.0,0.0
149,Kapaa,US,2020-04-19 20:27:15,22.08,-159.32,78.8,broken clouds,65,75,9.17,0.0,0.0
150,Georgiyevka,KZ,2020-04-19 20:30:36,43.04,74.71,51.8,clear sky,81,0,4.47,0.0,0.0
151,Aklavik,CA,2020-04-19 20:28:41,68.22,-135.01,19.4,broken clouds,41,75,4.7,0.0,0.0
152,Northam,GB,2020-04-19 20:30:37,51.03,-4.22,55.0,overcast clouds,70,90,3.0,0.0,0.0
153,Santa Maria,BR,2020-04-19 20:27:53,-29.68,-53.81,84.2,clear sky,32,0,5.82,0.0,0.0
154,Provideniya,RU,2020-04-19 20:25:48,64.38,-173.3,20.86,light snow,95,100,15.19,0.0,0.56
155,Airai,TL,2020-04-19 20:29:04,-8.93,125.41,59.32,clear sky,59,0,2.3,0.0,0.0
156,Okha,RU,2020-04-19 20:28:35,53.57,142.95,28.83,snow,98,100,12.41,0.0,1.64
157,Sur,OM,2020-04-19 20:29:14,22.57,59.53,84.51,clear sky,50,2,7.18,0.0,0.0
158,Evensk,RU,2020-04-19 20:30:38,61.95,159.23,10.81,overcast clouds,90,100,9.24,0.0,0.0
159,Narsaq,GL,2020-04-19 20:27:46,60.92,-46.05,33.8,few clouds,50,20,2.24,0.0,0.0
160,Shelburne,CA,2020-04-19 20:30:38,44.08,-80.2,44.01,overcast clouds,86,90,16.11,0.0,0.0
161,Atar,MR,2020-04-19 20:25:43,20.52,-13.05,75.74,clear sky,17,0,9.08,0.0,0.0
162,Beira,MZ,2020-04-19 20:30:39,-19.84,34.84,78.8,few clouds,69,20,12.75,0.0,0.0
163,Pingyin,CN,2020-04-19 20:30:39,36.28,116.45,57.99,overcast clouds,52,95,17.81,0.0,0.0
164,Hofn,IS,2020-04-19 20:28:09,64.25,-15.21,43.56,overcast clouds,85,100,4.81,0.0,0.0
165,Fayaoue,NC,2020-04-19 20:30:39,-20.65,166.53,80.1,moderate rain,79,100,14.65,7.85,0.0
166,Felipe Carrillo Puerto,MX,2020-04-19 20:30:40,19.58,-88.05,93.07,overcast clouds,39,100,9.01,0.0,0.0
167,Leningradskiy,RU,2020-04-19 20:28:02,69.38,178.42,10.92,overcast clouds,92,95,7.92,0.0,0.0
168,Faya,SA,2020-04-19 20:30:40,18.39,42.45,66.2,overcast clouds,72,87,1.77,0.0,0.0
169,Talnakh,RU,2020-04-19 20:25:28,69.49,88.4,39.2,overcast clouds,69,100,26.84,0.0,0.0
170,Djibo,BF,2020-04-19 20:30:40,14.1,-1.63,89.38,light rain,31,100,8.77,1.84,0.0
171,Inyonga,TZ,2020-04-19 20:30:41,-6.72,32.07,65.82,light rain,65,68,2.46,1.74,0.0
172,Avera,US,2020-04-19 20:28:05,33.19,-82.53,59.0,scattered clouds,90,40,11.41,0.0,0.0
173,Galdar,ES,2020-04-19 20:30:29,28.15,-15.65,68.0,scattered clouds,64,40,14.99,0.0,0.0
174,Pringsewu,ID,2020-04-19 20:30:41,-5.36,104.97,74.98,broken clouds,90,54,0.31,0.0,0.0
175,Conde,BR,2020-04-19 20:30:41,-7.26,-34.91,80.6,scattered clouds,83,40,10.29,0.0,0.0
176,Samarai,PG,2020-04-19 20:28:42,-10.62,150.67,81.12,broken clouds,82,67,4.99,0.0,0.0
177,Tommot,RU,2020-04-19 20:30:42,58.96,126.29,11.05,broken clouds,91,83,3.15,0.0,0.0
178,Sao Gabriel,BR,2020-04-19 20:30:42,-30.34,-54.32,72.01,clear sky,50,0,4.83,0.0,0.0
179,Khatanga,RU,2020-04-19 20:28:14,71.97,102.5,18.54,broken clouds,94,56,4.68,0.0,0.0
180,Port Hedland,AU,2020-04-19 20:30:43,-20.32,118.57,75.2,broken clouds,94,74,7.45,0.0,0.0
181,Batagay-Alyta,RU,2020-04-19 20:30:43,67.8,130.41,15.49,overcast clouds,86,97,2.53,0.0,0.0
182,Putina,PE,2020-04-19 20:30:43,-15.47,-69.43,45.55,scattered clouds,23,25,9.19,0.0,0.0
183,Erdenet,MN,2020-04-19 20:30:43,49.03,104.08,22.78,broken clouds,61,64,2.98,0.0,0.0
184,Guerrero Negro,MX,2020-04-19 20:30:44,27.98,-114.06,67.68,broken clouds,56,84,18.21,0.0,0.0
185,Hearst,CA,2020-04-19 20:30:44,49.68,-83.67,23.77,light snow,87,100,6.85,0.0,0.14
186,Kenai,US,2020-04-19 20:28:56,60.55,-151.26,44.6,overcast clouds,87,90,3.36,0.0,0.0
187,Shushenskoye,RU,2020-04-19 20:30:45,53.33,91.94,41.0,clear sky,44,0,8.95,0.0,0.0
188,Lowestoft,GB,2020-04-19 20:30:45,52.48,1.75,48.0,clear sky,90,0,8.01,0.0,0.0
189,Bonthe,SL,2020-04-19 20:26:09,7.53,-12.51,81.82,overcast clouds,78,100,7.67,0.0,0.0
190,Virginia Beach,US,2020-04-19 20:26:46,36.85,-75.98,68.0,overcast clouds,55,90,10.29,0.0,0.0
191,Kokopo,PG,2020-04-19 20:30:45,-4.35,152.26,80.38,scattered clouds,79,37,3.18,0.0,0.0
192,Padang,ID,2020-04-19 20:26:47,-0.95,100.35,78.03,light rain,77,7,3.89,0.12,0.0
193,Nigde,TR,2020-04-19 20:30:46,37.83,34.75,50.5,overcast clouds,37,98,1.95,0.0,0.0
194,San Patricio,MX,2020-04-19 20:28:25,19.22,-104.7,78.8,clear sky,69,5,13.87,0.0,0.0
195,Killybegs,IE,2020-04-19 20:30:47,54.63,-8.45,53.6,clear sky,71,1,11.41,0.0,0.0
196,Pacific Grove,US,2020-04-19 20:24:56,36.62,-121.92,61.0,broken clouds,63,75,8.05,0.0,0.0
197,Olafsvik,IS,2020-04-19 20:30:47,64.89,-23.71,43.39,moderate rain,94,100,17.27,3.6,0.0
198,Channel-Port Aux Basques,CA,2020-04-19 20:30:47,47.57,-59.14,33.89,snow,91,100,21.34,0.0,7.41
199,Betsiamites,CA,2020-04-19 20:30:47,48.94,-68.65,41.0,overcast clouds,64,90,6.93,0.0,0.0
200,Kirksville,US,2020-04-19 20:28:36,40.19,-92.58,63.0,clear sky,39,1,13.87,0.0,0.0
201,Quepos,CR,2020-04-19 20:30:48,9.42,-84.17,82.4,moderate rain,61,75,3.36,0.0,0.0
202,Vila,PT,2020-04-19 20:30:48,42.03,-8.16,53.6,few clouds,87,20,4.7,0.0,0.0
203,Woodburn,US,2020-04-19 20:30:48,45.14,-122.86,59.0,overcast clouds,58,90,5.82,0.0,0.0
204,Lazaro Cardenas,MX,2020-04-19 20:29:01,17.96,-102.2,84.36,few clouds,59,24,9.04,0.0,0.0
205,Nelson Bay,AU,2020-04-19 20:30:49,-32.72,152.15,57.0,broken clouds,81,71,6.93,0.0,0.0
206,Pimentel,PE,2020-04-19 20:30:49,-6.84,-79.93,82.4,clear sky,51,4,25.28,0.0,0.0
207,Boa Esperanca Do Sul,BR,2020-04-19 20:29:08,-21.99,-48.39,70.75,light rain,74,6,5.14,0.14,0.0
208,Trincomalee,LK,2020-04-19 20:28:13,8.57,81.23,81.14,clear sky,79,1,6.02,0.0,0.0
209,Hailakandi,IN,2020-04-19 20:30:50,24.68,92.57,71.58,light rain,87,66,1.21,0.86,0.0
210,Thompson,CA,2020-04-19 20:25:23,55.74,-97.86,23.0,light snow,79,90,6.93,0.0,0.0
211,New Norfolk,AU,2020-04-19 20:27:48,-42.78,147.06,48.99,light rain,87,100,5.37,0.0,0.0
212,Bengkulu,ID,2020-04-19 20:28:30,-3.8,102.27,77.49,light rain,84,100,3.58,0.23,0.0
213,Miri,MY,2020-04-19 20:28:14,4.41,114.01,78.8,broken clouds,100,75,3.27,0.0,0.0
214,Sangar,RU,2020-04-19 20:26:03,63.92,127.47,7.16,few clouds,85,19,0.38,0.0,0.0
215,Belaya Gora,RU,2020-04-19 20:30:51,68.53,146.42,4.15,broken clouds,89,84,8.61,0.0,0.0
216,Iquique,CL,2020-04-19 20:30:51,-20.22,-70.14,71.6,few clouds,60,15,17.22,0.0,0.0
217,Tocopilla,CL,2020-04-19 20:30:51,-22.09,-70.2,79.66,few clouds,31,18,6.17,0.0,0.0
218,Durban,ZA,2020-04-19 20:30:52,-29.86,31.03,66.2,clear sky,88,0,9.17,0.0,0.0
219,Katsuura,JP,2020-04-19 20:27:44,35.13,140.3,57.52,light rain,76,100,10.04,0.19,0.0
220,Kusti,SD,2020-04-19 20:30:52,13.16,32.66,82.53,few clouds,13,22,10.09,0.0,0.0
221,West Wendover,US,2020-04-19 20:30:52,40.74,-114.07,62.6,overcast clouds,33,90,14.99,0.0,0.0
222,Vila Franca Do Campo,PT,2020-04-19 20:28:43,37.72,-25.43,59.0,few clouds,62,20,18.34,0.0,0.0
223,Husavik,IS,2020-04-19 20:28:18,66.04,-17.34,46.4,broken clouds,70,63,23.04,0.0,0.0
224,Codrington,AU,2020-04-19 20:28:14,-38.27,141.97,59.27,light rain,83,55,22.26,0.24,0.0
225,Moga,IN,2020-04-19 20:30:54,30.8,75.17,74.21,broken clouds,44,55,4.72,0.0,0.0
226,Alyangula,AU,2020-04-19 20:30:54,-13.85,136.42,73.4,clear sky,100,0,3.09,0.0,0.0
227,Leshukonskoye,RU,2020-04-19 20:27:14,64.9,45.76,31.96,light snow,97,100,4.23,0.0,0.53
228,Urusha,RU,2020-04-19 20:30:54,54.05,122.9,13.82,overcast clouds,81,86,5.61,0.0,0.0
229,Iracoubo,GF,2020-04-19 20:30:55,5.48,-53.2,79.74,light rain,85,100,13.76,2.69,0.0
230,Peniche,PT,2020-04-19 20:30:55,39.36,-9.38,59.0,overcast clouds,80,93,8.01,0.0,0.0
231,Bedesa,ET,2020-04-19 20:30:55,8.9,40.78,63.61,light rain,47,93,2.55,0.65,0.0
232,Okato,NZ,2020-04-19 20:30:55,-39.2,173.88,57.99,overcast clouds,86,93,1.01,0.0,0.0
233,Tiarei,PF,2020-04-19 20:26:53,-17.53,-149.33,86.0,overcast clouds,74,100,6.93,0.0,0.0
234,Te Anau,NZ,2020-04-19 20:24:08,-45.42,167.72,47.3,broken clouds,64,53,6.08,0.0,0.0
235,Borogontsy,RU,2020-04-19 20:30:56,62.67,131.17,6.53,scattered clouds,87,25,1.68,0.0,0.0
236,Carutapera,BR,2020-04-19 20:30:56,-1.2,-46.02,80.69,light rain,82,77,8.3,1.15,0.0
237,Ribeira Grande,PT,2020-04-19 20:27:43,38.52,-28.7,59.0,few clouds,51,20,13.87,0.0,0.0
238,Sidi Ali,DZ,2020-04-19 20:30:57,36.1,0.42,58.48,light rain,82,100,13.82,0.58,0.0
239,Bandarbeyla,SO,2020-04-19 20:26:43,9.49,50.81,82.27,overcast clouds,68,91,5.37,0.0,0.0
240,Aswan,EG,2020-04-19 20:30:57,24.09,32.91,74.32,clear sky,25,0,10.96,0.0,0.0
241,Tasiilaq,GL,2020-04-19 20:27:55,65.61,-37.64,33.8,overcast clouds,69,100,4.7,0.0,0.0
242,Chenzhou,CN,2020-04-19 20:30:58,25.8,113.03,61.23,broken clouds,83,60,0.4,0.0,0.0
243,Mount Gambier,AU,2020-04-19 20:26:00,-37.83,140.77,59.0,scattered clouds,87,40,17.22,0.0,0.0
244,Yichang,CN,2020-04-19 20:30:59,30.71,111.28,59.85,light rain,82,100,1.39,2.95,0.0
245,Kahului,US,2020-04-19 20:30:59,20.89,-156.47,78.8,few clouds,61,20,9.17,0.0,0.0
246,Los Llanos De Aridane,ES,2020-04-19 20:30:59,28.66,-17.92,66.2,few clouds,68,20,14.99,0.0,0.0
247,Adrar,MR,2020-04-19 20:25:37,20.5,-10.07,79.21,clear sky,16,0,7.43,0.0,0.0
248,Dumas,US,2020-04-19 20:27:39,35.87,-101.97,73.0,clear sky,26,1,6.93,0.0,0.0
249,Yabelo,ET,2020-04-19 20:31:00,4.88,38.08,58.77,light rain,55,91,0.29,0.13,0.0
250,Shimoda,JP,2020-04-19 20:28:19,34.67,138.95,50.0,light rain,92,100,1.01,1.36,0.0
251,Saint-Ambroise,CA,2020-04-19 20:31:00,48.55,-71.33,43.0,light snow,79,100,5.01,0.0,1.49
252,Gorontalo,ID,2020-04-19 20:30:06,0.54,123.06,76.75,light rain,87,95,2.3,0.24,0.0
253,Constitucion,CL,2020-04-19 20:24:09,-35.33,-72.42,64.09,broken clouds,52,81,17.76,0.0,0.0
254,Tumpat,MY,2020-04-19 20:31:01,6.2,102.17,80.6,light rain,94,40,2.24,0.0,0.0
255,Ust-Nera,RU,2020-04-19 20:31:01,64.57,143.2,0.93,overcast clouds,78,92,3.24,0.0,0.0
256,Lahaina,US,2020-04-19 20:31:01,20.88,-156.68,78.8,clear sky,50,1,5.93,0.0,0.0
257,Payakumbuh,ID,2020-04-19 20:31:02,-0.22,100.63,69.91,broken clouds,80,69,0.13,0.0,0.0
258,Iwanai,JP,2020-04-19 20:31:02,42.97,140.51,40.39,overcast clouds,71,100,8.23,0.0,0.0
259,Walvis Bay,NA,2020-04-19 20:28:34,-22.96,14.51,60.8,clear sky,82,1,4.7,0.0,0.0
260,Kawalu,ID,2020-04-19 20:31:03,-7.38,108.21,73.47,light rain,80,80,1.45,0.46,0.0
261,Baykit,RU,2020-04-19 20:28:02,61.67,96.37,21.2,clear sky,90,0,2.06,0.0,0.0
262,Verkh-Usugli,RU,2020-04-19 20:31:03,52.7,115.17,14.81,overcast clouds,73,97,7.45,0.0,0.0
263,La Ronge,CA,2020-04-19 20:24:35,55.1,-105.28,41.0,broken clouds,41,75,19.46,0.0,0.0
264,Ust-Kuyga,RU,2020-04-19 20:31:03,70.02,135.6,4.84,few clouds,92,18,6.89,0.0,0.0
265,Saint George,US,2020-04-19 20:28:20,37.1,-113.58,72.0,clear sky,32,1,8.05,0.0,0.0
266,Phu Ly,VN,2020-04-19 20:31:04,20.54,105.91,74.71,scattered clouds,95,46,3.09,0.0,0.0
267,Tshela,CD,2020-04-19 20:31:04,-4.98,12.93,74.95,light rain,89,94,1.7,1.02,0.0
268,Bairiki,KI,2020-04-19 20:26:35,1.33,172.98,82.4,shower rain,83,20,4.7,0.0,0.0
269,Fortuna,US,2020-04-19 20:24:23,40.6,-124.16,60.01,clear sky,67,1,6.93,0.0,0.0
270,Sola,VU,2020-04-19 20:24:20,-13.88,167.55,82.49,light rain,76,39,8.08,1.68,0.0
271,Klaksvik,FO,2020-04-19 20:25:36,62.23,-6.59,42.8,clear sky,93,1,9.17,0.0,0.0
272,Marsa Matruh,EG,2020-04-19 20:27:48,31.35,27.25,59.0,clear sky,72,0,4.14,0.0,0.0
273,Rawson,AR,2020-04-19 20:31:05,-43.3,-65.1,65.5,overcast clouds,28,97,13.67,0.0,0.0
274,Christchurch,NZ,2020-04-19 20:31:06,-43.53,172.63,53.6,broken clouds,46,62,11.41,0.0,0.0
275,Dryden,CA,2020-04-19 20:31:06,49.78,-92.75,35.6,broken clouds,37,75,21.92,0.0,0.0
276,Alofi,NU,2020-04-19 20:28:53,-19.06,-169.92,82.4,broken clouds,78,61,5.82,0.0,0.0
277,Madimba,TZ,2020-04-19 20:31:06,-10.4,40.33,77.0,few clouds,88,20,11.41,0.0,0.0
278,Mirabad,AF,2020-04-19 20:31:06,30.44,61.84,72.68,clear sky,42,7,4.07,0.0,0.0
279,Shenjiamen,CN,2020-04-19 20:27:11,29.96,122.3,57.27,broken clouds,80,67,11.07,0.0,0.0
280,Sulangan,PH,2020-04-19 20:26:11,11.14,123.72,81.81,light rain,82,45,14.14,0.33,0.0
281,Lavrentiya,RU,2020-04-19 20:28:39,65.58,-171.0,19.2,overcast clouds,91,99,8.23,0.0,0.0
282,Beyneu,KZ,2020-04-19 20:31:07,45.32,55.2,65.21,light rain,40,100,9.51,0.89,0.0
283,Itamarandiba,BR,2020-04-19 20:31:08,-17.86,-42.86,63.72,few clouds,73,21,3.49,0.0,0.0
284,Ecoporanga,BR,2020-04-19 20:31:08,-18.37,-40.83,70.43,scattered clouds,79,40,5.82,0.0,0.0
285,Salalah,OM,2020-04-19 20:29:31,17.02,54.09,82.4,few clouds,69,20,4.7,0.0,0.0
286,Tashara,RU,2020-04-19 20:31:08,55.52,83.51,45.14,overcast clouds,63,98,2.42,0.0,0.0
287,Capaci,IT,2020-04-19 20:31:08,38.17,13.24,66.0,overcast clouds,89,100,6.91,0.0,0.0
288,Toora-Khem,RU,2020-04-19 20:31:09,52.47,96.11,30.33,clear sky,62,0,2.21,0.0,0.0
289,Huarmey,PE,2020-04-19 20:26:34,-10.07,-78.15,77.76,clear sky,61,3,9.01,0.0,0.0
290,Ciudad Bolivar,VE,2020-04-19 20:31:09,8.12,-63.55,96.22,broken clouds,32,83,9.78,0.0,0.0
291,Abu Zabad,SD,2020-04-19 20:31:09,12.35,29.25,77.83,scattered clouds,15,41,9.86,0.0,0.0
292,Ananindeua,BR,2020-04-19 20:31:10,-1.37,-48.37,80.6,broken clouds,88,75,2.24,0.0,0.0
293,Carballo,ES,2020-04-19 20:31:10,43.21,-8.69,57.0,few clouds,86,20,4.41,0.0,0.0
294,Port Blair,IN,2020-04-19 20:27:21,11.67,92.75,83.35,clear sky,76,6,4.81,0.0,0.0
295,Sarangani,PH,2020-04-19 20:31:11,5.4,125.46,83.39,light rain,78,92,14.36,1.04,0.0
296,Georgetown,MY,2020-04-19 20:23:08,5.41,100.34,80.6,few clouds,94,20,4.7,0.0,0.0
297,Razole,IN,2020-04-19 20:31:11,16.48,81.83,77.02,broken clouds,92,54,2.42,0.0,0.0
298,Chicama,PE,2020-04-19 20:27:15,-7.84,-79.15,73.4,few clouds,73,19,10.29,0.0,0.0
299,Paamiut,GL,2020-04-19 20:27:42,61.99,-49.67,28.9,clear sky,91,7,16.51,0.0,0.0
300,Nanakuli,US,2020-04-19 20:31:12,21.39,-158.15,78.8,broken clouds,69,75,4.7,0.0,0.0
301,Pangkalanbuun,ID,2020-04-19 20:31:12,-2.68,111.62,75.58,broken clouds,91,55,3.53,0.0,0.0
302,Nishihara,JP,2020-04-19 20:29:05,26.18,127.76,75.2,broken clouds,88,75,16.11,0.0,0.0
303,Tshikapa,CD,2020-04-19 20:31:13,-6.42,20.8,69.87,broken clouds,76,66,1.72,0.0,0.0
304,Lata,PT,2020-04-19 20:28:04,40.16,-8.33,57.99,few clouds,81,21,1.01,0.0,0.0
305,London,GB,2020-04-19 20:27:32,51.51,-0.13,55.0,clear sky,50,0,10.29,0.0,0.0
306,Kaohsiung,TW,2020-04-19 20:31:13,22.62,120.31,75.99,few clouds,94,20,3.36,0.0,0.0
307,Zhuanghe,CN,2020-04-19 20:31:14,39.7,122.99,50.0,light rain,91,100,1.99,0.93,0.0
308,Havoysund,NO,2020-04-19 20:28:05,71.0,24.66,39.2,light intensity drizzle,86,75,20.8,0.0,0.0
309,Aykhal,RU,2020-04-19 20:31:14,66.0,111.5,17.6,clear sky,48,0,4.47,0.0,0.0
310,Tual,ID,2020-04-19 20:31:15,-5.67,132.75,83.97,clear sky,72,1,6.8,0.0,0.0
311,La Paz,BO,2020-04-19 20:31:15,-16.5,-68.15,55.4,broken clouds,43,75,10.29,0.0,0.0
312,Massakory,TD,2020-04-19 20:31:15,13.0,15.73,87.24,few clouds,12,15,9.89,0.0,0.0
313,Limon,CR,2020-04-19 20:31:15,10.0,-83.03,87.01,clear sky,70,4,8.05,0.0,0.0
314,Mayumba,GA,2020-04-19 20:31:15,-3.43,10.66,79.95,light rain,86,83,2.82,1.99,0.0
315,Chokurdakh,RU,2020-04-19 20:24:06,70.63,147.92,6.67,overcast clouds,94,94,10.47,0.0,0.0
316,Cabo San Lucas,MX,2020-04-19 20:25:55,22.89,-109.91,80.01,clear sky,50,5,10.29,0.0,0.0
317,Port Macquarie,AU,2020-04-19 20:28:05,-31.43,152.92,55.0,clear sky,97,9,5.61,0.0,0.0
318,Pemangkat,ID,2020-04-19 20:27:11,1.17,108.97,78.15,light rain,83,100,4.45,0.16,0.0
319,San Cristobal,VE,2020-04-19 20:31:17,7.77,-72.22,91.4,smoke,49,40,5.82,0.0,0.0
320,Kitui,KE,2020-04-19 20:31:17,-1.37,38.01,65.55,light rain,72,100,4.94,3.0,0.0
321,Paragominas,BR,2020-04-19 20:31:17,-2.97,-47.48,77.77,moderate rain,89,75,2.19,3.1,0.0
322,Kibre Mengist,ET,2020-04-19 20:31:17,5.88,38.98,60.87,light rain,60,100,1.97,1.9,0.0
323,Baherden,TM,2020-04-19 20:31:18,38.44,57.43,70.57,clear sky,30,2,5.53,0.0,0.0
324,Pangody,RU,2020-04-19 20:31:18,65.85,74.49,33.01,overcast clouds,94,94,11.23,0.0,0.0
325,Ha Giang,VN,2020-04-19 20:31:18,22.83,104.98,77.36,light rain,80,92,2.71,0.32,0.0
326,Amapa,BR,2020-04-19 20:29:09,1.0,-52.0,81.0,light rain,77,37,3.62,1.31,0.0
327,Cabedelo,BR,2020-04-19 20:31:19,-6.98,-34.83,80.6,scattered clouds,83,40,10.29,0.0,0.0
328,Cairns,AU,2020-04-19 20:30:25,-16.92,145.77,78.8,overcast clouds,83,90,6.93,0.0,0.0
329,Moron,AR,2020-04-19 20:28:18,-34.65,-58.62,80.01,clear sky,46,0,4.0,0.0,0.0
330,Laguna,US,2020-04-19 20:26:45,38.42,-121.42,68.0,scattered clouds,52,40,9.17,0.0,0.0
331,Viedma,AR,2020-04-19 20:31:20,-40.81,-63.0,66.83,scattered clouds,32,46,4.99,0.0,0.0
332,Ostrovnoy,RU,2020-04-19 20:24:58,68.05,39.51,28.85,overcast clouds,96,89,8.95,0.0,0.0
333,Stadtallendorf,DE,2020-04-19 20:31:20,50.83,9.02,50.0,clear sky,49,0,10.94,0.0,0.0
334,Torbay,CA,2020-04-19 20:24:57,47.67,-52.73,35.01,moderate rain,92,90,32.21,0.0,0.0
335,Atakpame,TG,2020-04-19 20:31:20,7.53,1.13,76.57,moderate rain,77,100,2.42,3.72,0.0
336,Lerwick,GB,2020-04-19 20:31:21,60.15,-1.15,44.6,clear sky,87,0,8.05,0.0,0.0
337,Tivaouane,SN,2020-04-19 20:31:21,14.95,-16.81,69.8,clear sky,73,1,18.34,0.0,0.0
338,Juneau,US,2020-04-19 20:27:49,58.3,-134.42,55.4,broken clouds,50,75,13.87,0.0,0.0
339,Bowen,AU,2020-04-19 20:27:55,-20.02,148.23,75.0,scattered clouds,94,40,3.36,0.0,0.0
340,Zhigansk,RU,2020-04-19 20:31:22,66.77,123.37,12.87,overcast clouds,93,100,9.15,0.0,0.0
341,Cambridge,CA,2020-04-19 20:29:05,43.36,-80.31,48.0,overcast clouds,75,90,19.46,0.0,0.0
342,Bhadrapur,NP,2020-04-19 20:31:22,26.54,88.09,75.24,light rain,54,20,9.57,0.12,0.0
343,Orchard Homes,US,2020-04-19 20:31:22,46.86,-114.05,55.4,overcast clouds,47,90,5.82,0.0,0.0
344,Novyy Nekouz,RU,2020-04-19 20:31:22,57.9,38.07,32.97,clear sky,88,0,4.9,0.0,0.0
345,Port-Gentil,GA,2020-04-19 20:30:44,-0.72,8.78,82.4,few clouds,88,20,3.36,0.0,0.0
346,Sao Felix Do Xingu,BR,2020-04-19 20:27:58,-6.64,-51.99,77.74,moderate rain,87,98,1.5,3.31,0.0
347,Los Banos,PH,2020-04-19 20:31:23,14.17,121.18,82.4,few clouds,69,20,2.24,0.0,0.0
348,Hasaki,JP,2020-04-19 20:27:56,35.73,140.83,48.2,light rain,87,75,11.41,0.0,0.0
349,Casma,CL,2020-04-19 20:31:23,-41.01,-73.12,62.6,light rain,59,95,6.93,0.47,0.0
350,Ariquemes,BR,2020-04-19 20:31:24,-9.91,-63.04,78.35,moderate rain,91,100,2.42,4.15,0.0
351,Whitehorse,CA,2020-04-19 20:26:41,60.72,-135.05,55.4,broken clouds,32,75,11.41,0.0,0.0
352,Copala,MX,2020-04-19 20:31:24,16.65,-98.98,86.27,broken clouds,53,60,10.89,0.0,0.0
353,Yumen,CN,2020-04-19 20:31:24,40.28,97.2,41.52,few clouds,26,20,12.71,0.0,0.0
354,Khandyga,RU,2020-04-19 20:31:25,62.67,135.6,1.49,clear sky,87,0,3.24,0.0,0.0
355,Tiksi,RU,2020-04-19 20:24:13,71.69,128.87,10.42,overcast clouds,89,100,6.31,0.0,0.0
356,Vao,NC,2020-04-19 20:28:42,-22.67,167.48,76.21,light rain,79,100,14.85,1.26,0.0
357,Salinas,US,2020-04-19 20:31:25,36.68,-121.66,62.6,few clouds,59,20,8.05,0.0,0.0
358,Santa Rosa,PH,2020-04-19 20:31:25,14.31,121.11,82.4,few clouds,69,20,2.24,0.0,0.0
359,Pontianak,ID,2020-04-19 20:26:38,-0.03,109.33,77.76,overcast clouds,84,100,1.5,0.0,0.0
360,Morgan City,US,2020-04-19 20:31:26,29.7,-91.21,84.0,scattered clouds,69,40,11.41,0.0,0.0
361,Vega De Alatorre,MX,2020-04-19 20:31:26,20.03,-96.63,88.9,clear sky,60,0,11.5,0.0,0.0
362,Ancud,CL,2020-04-19 20:24:21,-41.87,-73.82,59.0,few clouds,62,20,11.41,0.0,0.0
363,Suhut,TR,2020-04-19 20:31:27,38.53,30.55,56.07,few clouds,37,22,3.4,0.0,0.0
364,Eyl,SO,2020-04-19 20:31:27,7.98,49.82,83.53,broken clouds,73,81,7.81,0.0,0.0
365,Okakarara,NA,2020-04-19 20:31:27,-20.58,17.43,68.88,scattered clouds,39,43,4.76,0.0,0.0
366,Teguise,ES,2020-04-19 20:31:27,29.06,-13.56,66.2,few clouds,63,20,11.41,0.0,0.0
367,Lakatoro,VU,2020-04-19 20:31:28,-16.1,167.42,75.2,broken clouds,100,75,2.24,0.0,0.0
368,Sabang,ID,2020-04-19 20:28:35,5.89,95.32,83.03,scattered clouds,74,31,6.96,0.0,0.0
369,Huambo,AO,2020-04-19 20:29:47,-12.78,15.74,61.07,moderate rain,58,100,4.52,3.08,0.0
370,Russell,US,2020-04-19 20:31:28,32.35,-85.2,57.2,light intensity drizzle,93,90,3.36,0.0,0.0
371,Saint-Francois,FR,2020-04-19 20:24:41,46.42,3.91,59.0,overcast clouds,87,100,2.19,0.0,0.0
372,Safaga,EG,2020-04-19 20:31:29,26.73,33.94,77.0,clear sky,36,0,12.75,0.0,0.0
373,Venice,US,2020-04-19 20:29:53,27.1,-82.45,90.0,clear sky,79,1,11.41,0.0,0.0
374,Moroni,KM,2020-04-19 20:31:29,-11.7,43.26,82.35,broken clouds,75,77,15.68,0.0,0.0
375,Barmer,IN,2020-04-19 20:31:30,25.75,71.38,83.35,light rain,30,100,9.01,0.35,0.0
376,Severo-Yeniseyskiy,RU,2020-04-19 20:31:30,60.37,93.04,25.99,broken clouds,89,72,5.48,0.0,0.0
377,Hauterive,FR,2020-04-19 20:31:30,46.09,3.45,59.0,overcast clouds,93,100,2.28,0.0,0.0
378,Atagay,RU,2020-04-19 20:31:30,55.1,99.39,28.26,clear sky,81,0,5.39,0.0,0.0
379,Jacareacanga,BR,2020-04-19 20:31:31,-6.22,-57.75,75.18,overcast clouds,90,100,1.32,0.0,0.0
380,Guasca,CO,2020-04-19 20:31:31,4.87,-73.88,66.2,shower rain,59,40,13.87,0.0,0.0
381,Bilma,NE,2020-04-19 20:31:31,18.69,12.92,86.0,broken clouds,12,78,4.54,0.0,0.0
382,Macapa,BR,2020-04-19 20:31:31,0.04,-51.07,87.8,thunderstorm,70,40,5.82,0.0,0.0
383,Fremont,US,2020-04-19 20:30:02,37.55,-121.99,66.99,scattered clouds,55,40,7.92,0.0,0.0
384,Hemsedal,NO,2020-04-19 20:31:32,60.86,8.55,37.99,clear sky,61,0,3.96,0.0,0.0
385,Ixtapa,MX,2020-04-19 20:28:24,20.7,-105.2,79.0,clear sky,73,5,13.87,0.0,0.0
386,Seminole,US,2020-04-19 20:29:24,28.71,-81.21,93.2,few clouds,36,20,12.75,0.0,0.0
387,Monrovia,LR,2020-04-19 20:31:32,6.3,-10.8,82.4,scattered clouds,83,40,4.81,0.0,0.0
388,Atasu,KZ,2020-04-19 20:31:33,48.68,71.64,54.55,few clouds,41,21,4.18,0.0,0.0
389,Yeppoon,AU,2020-04-19 20:27:32,-23.13,150.73,71.6,broken clouds,94,75,5.82,0.0,0.0
390,Bjornevatn,NO,2020-04-19 20:31:33,69.67,29.98,35.6,overcast clouds,89,90,20.8,0.0,0.0
391,Las Cruces,US,2020-04-19 20:31:34,32.31,-106.78,75.0,clear sky,13,1,16.11,0.0,0.0
392,Kavieng,PG,2020-04-19 20:27:05,-2.57,150.8,83.59,broken clouds,74,71,5.12,0.0,0.0
393,Anadyr,RU,2020-04-19 20:25:47,64.75,177.48,17.6,light snow,85,20,2.24,0.0,0.0
394,Bakau,GM,2020-04-19 20:31:34,13.48,-16.68,75.2,clear sky,64,4,10.29,0.0,0.0
395,Xinqing,CN,2020-04-19 20:31:35,48.23,129.5,43.97,overcast clouds,67,100,3.4,0.0,0.0
396,Karla,EE,2020-04-19 20:31:35,59.37,24.93,42.01,overcast clouds,75,97,3.36,0.0,0.0
397,Meiganga,CM,2020-04-19 20:31:35,6.52,14.3,70.18,broken clouds,64,77,3.2,0.0,0.0
398,Hoa Binh,VN,2020-04-19 20:30:02,20.81,105.34,75.2,mist,94,90,6.93,0.0,0.0
399,Kerema,PG,2020-04-19 20:29:05,-7.96,145.78,78.6,broken clouds,85,51,3.42,0.0,0.0
400,Najran,SA,2020-04-19 20:31:36,17.49,44.13,73.4,scattered clouds,64,40,4.7,0.0,0.0
401,Kyzyl-Suu,KG,2020-04-19 20:31:36,42.34,78.0,41.04,clear sky,30,0,4.45,0.0,0.0
402,Parana,AR,2020-04-19 20:29:37,-31.73,-60.52,87.01,clear sky,33,0,5.01,0.0,0.0
403,North Bend,US,2020-04-19 20:31:37,43.41,-124.22,61.0,clear sky,66,1,11.41,0.0,0.0
404,Andenes,NO,2020-04-19 20:28:17,69.31,16.12,41.0,light rain,86,100,20.8,0.0,0.0
405,Mirzapur,IN,2020-04-19 20:31:37,25.15,82.58,84.78,overcast clouds,17,100,6.06,0.0,0.0
406,Shingu,JP,2020-04-19 20:31:38,33.73,135.98,60.01,heavy intensity rain,90,100,10.96,22.39,0.0
407,Mayo,US,2020-04-19 20:31:38,38.89,-76.51,66.0,clear sky,54,1,14.99,0.0,0.0
408,Cardston,CA,2020-04-19 20:31:38,49.2,-113.3,50.14,clear sky,40,4,11.63,0.0,0.0
409,Bay Roberts,CA,2020-04-19 20:31:38,47.6,-53.26,35.01,moderate rain,1,100,14.0,0.0,0.0
410,Kez,RU,2020-04-19 20:31:39,57.9,53.72,31.53,scattered clouds,89,29,3.67,0.0,0.0
411,East London,ZA,2020-04-19 20:24:04,-33.02,27.91,75.74,clear sky,58,0,13.09,0.0,0.0
412,Norsup,VU,2020-04-19 20:31:39,-16.07,167.38,75.2,broken clouds,100,75,2.24,0.0,0.0
413,Reyes,BO,2020-04-19 20:31:40,-14.32,-67.38,84.9,clear sky,48,0,2.73,0.0,0.0
414,Kathmandu,NP,2020-04-19 20:29:04,27.72,85.32,57.2,broken clouds,87,75,3.36,0.0,0.0
415,Trairi,BR,2020-04-19 20:31:41,-3.28,-39.27,80.58,light rain,82,32,6.13,0.89,0.0
416,Talara,PE,2020-04-19 20:31:41,-4.58,-81.27,78.76,few clouds,63,21,11.5,0.0,0.0
417,Itarema,BR,2020-04-19 20:28:50,-2.92,-39.92,79.09,light rain,84,1,5.86,1.19,0.0
418,Preston,GB,2020-04-19 20:29:58,53.77,-2.72,50.0,clear sky,59,0,11.41,0.0,0.0
419,Pasighat,IN,2020-04-19 20:31:42,28.07,95.33,66.56,light rain,75,93,2.73,1.75,0.0
420,Tezu,IN,2020-04-19 20:31:42,27.92,96.17,65.35,light rain,70,100,4.23,2.45,0.0
421,Tandil,AR,2020-04-19 20:31:43,-37.32,-59.13,75.0,scattered clouds,53,40,3.0,0.0,0.0
422,Port Hardy,CA,2020-04-19 20:29:32,50.7,-127.42,50.0,overcast clouds,87,90,6.93,0.0,0.0
423,Roald,NO,2020-04-19 20:31:43,62.58,6.13,42.01,clear sky,93,0,12.75,0.0,0.0
424,Havelock,US,2020-04-19 20:27:04,34.88,-76.9,70.0,light rain,83,100,1.99,0.0,0.0
425,Bentiu,SS,2020-04-19 20:31:44,9.23,29.83,84.42,broken clouds,13,82,1.95,0.0,0.0
426,Cockburn Town,TC,2020-04-19 20:31:44,21.46,-71.14,79.16,clear sky,80,0,13.8,0.0,0.0
427,Mwene-Ditu,CD,2020-04-19 20:31:44,-7.0,23.45,66.99,light rain,75,100,2.39,1.29,0.0
428,Cabra,ES,2020-04-19 20:27:05,37.47,-4.44,62.6,light rain,59,42,4.7,0.44,0.0
429,Kyaikkami,MM,2020-04-19 20:31:45,16.08,97.57,81.43,overcast clouds,67,87,4.7,0.0,0.0
430,Valera,VE,2020-04-19 20:31:45,9.32,-70.6,80.65,moderate rain,59,90,1.57,4.22,0.0
431,Esna,EG,2020-04-19 20:31:45,25.29,32.55,78.8,clear sky,39,0,13.65,0.0,0.0
432,Carnarvon,AU,2020-04-19 20:25:25,-24.87,113.63,71.6,broken clouds,88,65,11.41,0.0,0.0
433,Nioro,GM,2020-04-19 20:31:46,13.35,-15.75,84.38,broken clouds,27,51,9.22,0.0,0.0
434,Myitkyina,MM,2020-04-19 20:25:11,25.38,97.4,69.75,few clouds,72,21,3.27,0.0,0.0
435,Marca,RO,2020-04-19 20:31:46,47.22,22.57,46.4,scattered clouds,75,50,3.36,0.0,0.0
436,Montepuez,MZ,2020-04-19 20:31:46,-13.13,39.0,67.1,overcast clouds,84,100,6.71,0.0,0.0
437,Contai,IN,2020-04-19 20:31:46,21.78,87.75,79.39,overcast clouds,64,89,13.76,0.0,0.0
438,Nipawin,CA,2020-04-19 20:31:47,53.37,-104.0,44.6,clear sky,39,1,20.8,0.0,0.0
439,Poum,NC,2020-04-19 20:25:52,-20.23,164.02,80.04,light rain,78,99,11.25,1.77,0.0
440,Kavaratti,IN,2020-04-19 20:31:47,10.57,72.64,85.24,few clouds,68,13,3.38,0.0,0.0
441,Sitka,US,2020-04-19 20:27:28,57.05,-135.33,42.8,broken clouds,81,75,5.82,0.0,0.0
442,Dingle,PH,2020-04-19 20:27:58,11.0,122.67,79.23,light rain,86,78,9.95,0.27,0.0
443,Disna,BY,2020-04-19 20:31:48,55.57,28.2,32.29,clear sky,91,0,6.87,0.0,0.0
444,Rio Grande,BR,2020-04-19 20:31:48,-32.03,-52.1,77.0,few clouds,53,20,13.87,0.0,0.0
445,Magole,TZ,2020-04-19 20:31:48,-6.37,37.37,73.4,broken clouds,94,75,0.74,0.0,0.0
446,Coari,BR,2020-04-19 20:30:30,-4.08,-63.14,83.52,light rain,83,94,1.88,1.81,0.0
447,Sao Joao Da Barra,BR,2020-04-19 20:31:49,-21.64,-41.05,77.0,broken clouds,65,68,11.41,0.0,0.0
448,Korla,CN,2020-04-19 20:31:49,41.76,86.15,59.0,overcast clouds,46,100,1.01,0.0,0.0
449,Touros,BR,2020-04-19 20:29:01,-5.2,-35.46,82.4,few clouds,78,20,10.29,0.0,0.0
450,Xaltepec,MX,2020-04-19 20:31:50,18.87,-97.6,84.0,light rain,39,68,8.01,0.44,0.0
451,Quanzhou,CN,2020-04-19 20:31:50,24.91,118.59,71.6,mist,94,90,6.71,0.0,0.0
452,Myrtle Beach,US,2020-04-19 20:31:50,33.69,-78.89,68.0,moderate rain,88,90,6.93,0.0,0.0
453,Kangaatsiaq,GL,2020-04-19 20:31:50,68.31,-53.46,26.64,snow,97,100,26.71,0.0,1.88
454,Nome,US,2020-04-19 20:29:05,64.5,-165.41,37.4,overcast clouds,93,90,1.99,0.0,0.0
455,Grindavik,IS,2020-04-19 20:25:31,63.84,-22.43,46.4,light intensity drizzle,93,90,29.97,0.0,0.0
456,Chaman,PK,2020-04-19 20:31:51,30.92,66.45,59.7,clear sky,41,0,0.72,0.0,0.0
457,Mogadishu,SO,2020-04-19 20:26:20,2.04,45.34,84.29,light rain,72,78,8.05,0.27,0.0
458,Pitimbu,BR,2020-04-19 20:31:51,-7.47,-34.81,80.6,scattered clouds,83,40,10.29,0.0,0.0
459,Bongaree,AU,2020-04-19 20:31:52,-27.08,153.16,57.0,clear sky,94,0,7.74,0.0,0.0
460,El Alto,PE,2020-04-19 20:31:52,-4.27,-81.21,75.9,few clouds,65,17,9.62,0.0,0.0
461,Cervo,ES,2020-04-19 20:31:52,43.67,-7.41,51.01,scattered clouds,1,36,3.6,0.0,0.0
462,Djambala,CG,2020-04-19 20:28:12,-2.54,14.75,68.47,overcast clouds,72,93,1.3,0.0,0.0
463,Rwamagana,RW,2020-04-19 20:31:53,-1.95,30.43,66.2,scattered clouds,88,40,1.23,0.0,0.0
464,Lipin Bor,RU,2020-04-19 20:31:53,60.26,37.98,31.5,overcast clouds,94,91,4.12,0.0,0.0
465,Bumba,CD,2020-04-19 20:31:53,2.18,22.47,72.43,light rain,85,87,2.01,0.69,0.0
466,Hailey,US,2020-04-19 20:31:53,43.52,-114.32,57.2,scattered clouds,33,40,5.82,0.0,0.0
467,Bathsheba,BB,2020-04-19 20:28:13,13.22,-59.52,84.2,scattered clouds,62,40,19.46,0.0,0.0
468,Victoria,HK,2020-04-19 20:26:59,22.29,114.16,75.99,overcast clouds,83,94,3.0,0.0,0.0
469,Geraldton,AU,2020-04-19 20:31:54,-28.77,114.6,55.4,clear sky,93,0,10.29,0.0,0.0
470,Broome,US,2020-04-19 20:26:57,42.25,-75.83,59.0,scattered clouds,43,40,19.46,0.0,0.0
471,San Carlos,VE,2020-04-19 20:31:55,9.66,-68.58,90.75,light rain,42,65,4.05,0.37,0.0
472,Kattivakkam,IN,2020-04-19 20:29:14,13.22,80.32,86.0,scattered clouds,79,40,3.36,0.0,0.0
473,Puerto Escondido,MX,2020-04-19 20:31:55,15.85,-97.07,87.8,clear sky,74,5,9.17,0.0,0.0
474,Caborca,MX,2020-04-19 20:31:55,30.58,-111.1,80.01,broken clouds,16,71,1.99,0.0,0.0
475,Dongkan,CN,2020-04-19 20:31:55,34.0,119.83,49.35,overcast clouds,94,100,6.4,0.0,0.0
476,Sao Desiderio,BR,2020-04-19 20:31:56,-12.36,-44.97,74.16,light rain,77,62,3.96,1.54,0.0
477,Camacha,PT,2020-04-19 20:28:51,33.08,-16.33,62.6,scattered clouds,72,40,8.05,0.0,0.0
478,Tandlianwala,PK,2020-04-19 20:31:56,31.03,73.13,75.11,broken clouds,38,52,6.04,0.0,0.0
479,Warri,NG,2020-04-19 20:31:56,5.52,5.75,77.76,overcast clouds,88,98,1.28,0.0,0.0
480,Yugorsk,RU,2020-04-19 20:31:57,61.31,63.33,33.58,clear sky,88,2,5.61,0.0,0.0
481,Simbahan,PH,2020-04-19 20:31:57,6.3,120.58,83.55,overcast clouds,74,99,2.77,0.0,0.0
482,Fairbanks,US,2020-04-19 20:25:22,64.84,-147.72,44.01,light rain,100,90,2.73,0.0,0.0
483,Ozernovskiy,RU,2020-04-19 20:31:57,51.5,156.52,28.67,overcast clouds,90,100,11.63,0.0,0.0
484,Dzhebariki-Khaya,RU,2020-04-19 20:31:57,62.22,135.8,2.37,clear sky,89,0,1.12,0.0,0.0
485,Giddarbaha,IN,2020-04-19 20:31:58,30.2,74.67,76.41,clear sky,39,10,5.14,0.0,0.0
486,Paro,BT,2020-04-19 20:31:58,27.43,89.41,48.11,broken clouds,32,51,1.63,0.0,0.0
487,Trelleborg,SE,2020-04-19 20:31:58,55.38,13.16,42.8,clear sky,48,0,5.82,0.0,0.0
488,San Quintin,MX,2020-04-19 20:29:12,30.48,-115.95,64.15,broken clouds,63,76,19.42,0.0,0.0
489,Grand Gaube,MU,2020-04-19 20:28:21,-20.01,57.66,77.0,shower rain,88,75,6.93,0.0,0.0
490,Alekseyevka,RU,2020-04-19 20:31:59,50.63,38.69,40.77,overcast clouds,67,92,4.45,0.0,0.0
491,Daytona Beach,US,2020-04-19 20:29:02,29.21,-81.02,91.4,broken clouds,55,75,9.17,0.0,0.0
492,Manado,ID,2020-04-19 20:30:43,1.49,124.85,77.0,scattered clouds,94,40,1.12,0.0,0.0
493,Comodoro Rivadavia,AR,2020-04-19 20:31:59,-45.87,-67.5,62.6,few clouds,36,20,24.16,0.0,0.0
494,Killarney,IE,2020-04-19 20:32:00,52.05,-9.52,49.98,overcast clouds,89,95,6.53,0.0,0.0
495,Eureka,US,2020-04-19 20:32:00,40.8,-124.16,59.0,clear sky,75,8,5.01,0.0,0.0
496,Hovd,MN,2020-04-19 20:32:00,48.01,91.64,36.01,clear sky,37,0,0.94,0.0,0.0
497,Valparaiso,CL,2020-04-19 20:30:42,-33.04,-71.63,80.6,clear sky,47,0,13.87,0.0,0.0
498,Durres,AL,2020-04-19 20:31:25,41.32,19.44,59.0,broken clouds,87,75,1.12,0.0,0.0
499,Praia,CV,2020-04-19 20:27:01,14.92,-23.51,73.4,few clouds,64,20,19.46,0.0,0.0
500,Pomichna,UA,2020-04-19 20:32:01,48.24,31.42,44.64,overcast clouds,54,100,5.39,0.0,0.0
501,Valle Del Guamuez,CO,2020-04-19 20:32:01,0.45,-76.92,87.8,broken clouds,55,75,3.36,0.0,0.0
502,Gao,ML,2020-04-19 20:32:02,16.64,1.64,91.08,scattered clouds,18,43,8.5,0.0,0.0
503,Rangpur,BD,2020-04-19 20:32:02,25.75,89.25,77.43,broken clouds,68,52,7.99,0.0,0.0
504,Elesbao Veloso,BR,2020-04-19 20:32:02,-6.2,-42.14,77.2,moderate rain,86,100,2.51,6.12,0.0
505,Wajid,SO,2020-04-19 20:32:02,3.81,43.25,77.77,light rain,68,98,6.22,2.58,0.0
506,Matara,LK,2020-04-19 20:31:40,5.95,80.54,78.04,scattered clouds,89,25,5.86,0.0,0.0
507,Lagoa,PT,2020-04-19 20:28:40,39.05,-27.98,57.13,scattered clouds,64,46,23.09,0.0,0.0
508,Tura,IN,2020-04-19 20:26:00,25.52,90.22,70.16,light rain,81,16,4.16,0.25,0.0
509,Diego De Almagro,CL,2020-04-19 20:32:03,-26.37,-70.05,78.49,clear sky,21,0,7.76,0.0,0.0
510,Annau,TM,2020-04-19 20:32:03,37.89,58.52,64.4,clear sky,59,0,4.7,0.0,0.0
511,Kaputa,ZM,2020-04-19 20:32:04,-8.47,29.66,67.24,light rain,66,85,0.94,1.21,0.0
512,Puerto Baquerizo Moreno,EC,2020-04-19 20:32:04,-0.9,-89.6,77.83,broken clouds,85,72,12.86,0.0,0.0
513,Venado Tuerto,AR,2020-04-19 20:32:04,-33.75,-61.97,84.99,clear sky,31,0,4.38,0.0,0.0
514,Floro,NO,2020-04-19 20:32:04,61.6,5.03,44.6,clear sky,81,0,9.17,0.0,0.0
515,Olinda,BR,2020-04-19 20:32:05,-8.01,-34.86,82.4,scattered clouds,78,40,10.29,0.0,0.0
516,Bermeo,ES,2020-04-19 20:32:06,43.42,-2.72,57.99,broken clouds,82,75,3.36,0.0,0.0
517,Forest Grove,US,2020-04-19 20:31:07,45.52,-123.11,55.4,overcast clouds,62,90,4.7,0.0,0.0
518,Yerbogachen,RU,2020-04-19 20:32:07,61.28,108.01,14.92,clear sky,92,0,2.64,0.0,0.0
519,Ambon,ID,2020-04-19 20:32:07,-3.7,128.18,77.0,scattered clouds,88,40,4.7,0.0,0.0
520,Westport,US,2020-04-19 20:28:36,41.14,-73.36,57.99,clear sky,50,1,19.46,0.0,0.0
521,Hay River,CA,2020-04-19 20:32:07,60.82,-115.8,30.2,overcast clouds,80,90,5.82,0.0,0.0
522,Brae,GB,2020-04-19 20:32:07,60.4,-1.35,44.6,clear sky,87,0,14.99,0.0,0.0
523,Itaituba,BR,2020-04-19 20:32:08,-4.28,-55.98,89.6,few clouds,62,20,1.9,0.0,0.0
524,Port Hawkesbury,CA,2020-04-19 20:32:08,45.62,-61.35,35.01,moderate rain,93,90,14.99,0.0,0.0
525,Poya,NC,2020-04-19 20:32:08,-21.35,165.15,78.37,light rain,78,85,7.47,0.35,0.0
526,Yuanping,CN,2020-04-19 20:32:08,38.72,112.76,41.34,clear sky,40,0,8.79,0.0,0.0
527,Quatre Cocos,MU,2020-04-19 20:24:40,-20.21,57.76,77.0,shower rain,88,75,6.93,0.0,0.0
528,Colesberg,ZA,2020-04-19 20:32:09,-30.72,25.1,68.77,broken clouds,30,64,6.2,0.0,0.0
529,Jieshi,CN,2020-04-19 20:32:09,22.81,115.83,78.01,scattered clouds,83,43,5.64,0.0,0.0
530,Mangrol,IN,2020-04-19 20:32:09,21.12,70.12,79.97,clear sky,65,2,11.54,0.0,0.0
531,Asau,RO,2020-04-19 20:24:22,46.43,26.4,46.4,light rain,87,75,14.99,0.0,0.0
532,Hamilton,US,2020-04-19 20:27:24,39.18,-84.53,57.2,light rain,54,90,8.05,0.0,0.0
533,Angoche,MZ,2020-04-19 20:32:10,-16.23,39.91,75.38,few clouds,87,20,8.52,0.0,0.0
534,Sangre Grande,TT,2020-04-19 20:29:07,10.58,-61.12,80.6,light rain,78,20,13.87,0.0,0.0
535,Bulancak,TR,2020-04-19 20:32:10,40.94,38.23,56.71,scattered clouds,61,43,3.83,0.0,0.0
536,Vestmanna,FO,2020-04-19 20:32:11,62.16,-7.17,42.8,clear sky,93,3,9.17,0.0,0.0
537,Pauini,BR,2020-04-19 20:32:11,-7.71,-66.98,85.78,light rain,61,75,2.46,0.2,0.0
538,Batemans Bay,AU,2020-04-19 20:27:20,-35.72,150.18,57.0,overcast clouds,100,100,6.78,0.0,0.0
539,Yaval,IN,2020-04-19 20:32:11,21.17,75.7,85.44,broken clouds,23,66,5.14,0.0,0.0
540,Sargatskoye,RU,2020-04-19 20:32:12,55.61,73.5,46.98,light rain,88,71,4.27,0.24,0.0
541,Melfi,IT,2020-04-19 20:31:35,41.0,15.65,59.0,broken clouds,100,75,5.82,0.0,0.0
542,Sindgi,IN,2020-04-19 20:32:12,16.92,76.23,85.15,broken clouds,28,61,5.93,0.0,0.0
543,Korem,ET,2020-04-19 20:32:12,12.51,39.52,57.61,overcast clouds,41,92,1.7,0.0,0.0
544,Yulara,AU,2020-04-19 20:28:50,-25.24,130.99,75.2,few clouds,33,18,5.82,0.0,0.0
545,Lancaster,US,2020-04-19 20:30:31,40.25,-76.25,60.8,clear sky,31,1,12.75,0.0,0.0
546,Sambava,MG,2020-04-19 20:32:13,-14.27,50.17,74.35,light rain,89,29,7.58,0.85,0.0
547,Huron,US,2020-04-19 20:32:14,41.15,-82.55,57.0,light rain,64,100,5.01,0.46,0.0
548,Bandar,ID,2020-04-19 20:32:14,2.05,99.75,73.62,clear sky,86,7,1.7,0.0,0.0
549,Sao Miguel Do Araguaia,BR,2020-04-19 20:32:14,-13.28,-50.16,77.74,broken clouds,77,69,1.5,0.0,0.0
550,Thinadhoo,MV,2020-04-19 20:29:15,0.53,72.93,84.51,overcast clouds,76,90,11.18,0.0,0.0
551,Kosh-Agach,RU,2020-04-19 20:32:15,50.0,88.67,33.15,clear sky,38,0,1.86,0.0,0.0
552,Methoni,GR,2020-04-19 20:30:24,36.82,21.7,63.0,broken clouds,87,65,3.36,0.0,0.0
553,Arman,RU,2020-04-19 20:28:45,59.7,150.17,4.1,clear sky,84,0,8.34,0.0,0.0
554,La Asuncion,VE,2020-04-19 20:32:15,11.03,-63.86,87.8,broken clouds,55,76,16.11,0.0,0.0
555,Tuatapere,NZ,2020-04-19 20:32:16,-46.13,167.68,45.0,broken clouds,81,53,4.0,0.0,0.0
556,Ngama,TD,2020-04-19 20:32:16,11.78,17.17,85.96,broken clouds,12,67,6.78,0.0,0.0
557,Half Moon Bay,US,2020-04-19 20:32:16,37.46,-122.43,64.99,overcast clouds,71,90,9.17,0.0,0.0
558,Mehamn,NO,2020-04-19 20:25:51,71.04,27.85,39.2,light intensity drizzle,86,75,20.8,0.0,0.0
559,Jishou,CN,2020-04-19 20:32:17,28.32,109.72,60.13,light rain,76,100,2.91,0.48,0.0
